{"EconomicLoss": {"MedianLossRatio": 0.30781364828036023, "MedianRepairCost": 4414773.9968812978, "MeanRepairCost": 4426970.7575022811, "StdRepairCost": 2279568.3520925255, "10PercentileLoss": 1916737.0367176975, "90PercentileLoss": 7327100.7639358835}, "RepairTime": {"MedianRepairTime": 42.632501954212216}, "UnsafePlacards": {"Tag": "red", "RedTagProbability": 0.97699999999999998}, "Name": "10", "MaxPGA": 3.52}